"Barcode";"Name";"Volume";"Count"
"7802175000303";"MISTRAL ICE 6PCX4-LAT310";"310";"7"
"7790895003875";"BONAQUA PET 1500 S/G X6";"1500";"1"
"815369012294";"Cadia Coconut Water";"520";"1"
"7801610231517";"Inca Kola Mango Pet 1.5 L x 6";"1500";"20"
"7790895009815";"CEPITA HF NARANJA TENTACIÓN 1LT X 6";"1000";"1"
"856820160123";"Steaz lightly sweetened Uced Green tea witn coconut water";"473";"1"
"7798062547801";"Villavicencio Agua";"500";"1"
"87250237";"Horses 3 Malt";"330";"8"
"7790895000232";"Coca-Cola 354ML LAT ALUM N 6X1";"354";"2"
"7790895064173";"Sprite Zero 1.5L Bt Pet C N 1x6 - 28*5";"1500";"1"
"7801620002725";"GATORADE MANZANA 6PF-PET 500";"500";"1"
"7790895640490";"Aquarius Monresa Pomelo 1.5L PET 1X6";"1500";"1"
"7801620002756";"GATORADE LIMA LIMON 6PF-PET500";"500";"1"
"8002270246531";"Sanpellegrino Pomelo";"330";"1"
"9005465104097";"ENERGIZANTE DARK DOG ORIGINAL";"355";"1"
"7790895003943";"BONAQUA PET 500 C/G X6";"500";"1"
"7804604722688";"Liv";"1500";"6"
"7801610409589";"Aquarius Manzana Pet 1,5 Lts. x 6 Prod.";"1500";"1"
"7801610884423";"Aquarius Limón Pet 1,5 Lts. x 6";"1500";"1"
"7804646610035";"Andes Water s/gas";"1000";"5"
"7802408004177";"Fruna Papaya zero Azucar";"500";"4"
"7801620002374";"MAS CACHANTUN 6PF-PET 1500";"1500";"5"
"4101120014802";"Paderborner Pilsener";"330";"18"
"7802100001696";"CRISTAL LIGHT 12PX2 LAT-350CC (3X4)";"350";"1"
"4015042107811";"Darguner Beissbier";"500";"5"
"884394006424";"OKF Aloe Drink Mango";"500";"1"
"7804167001787";"Lider Limon";"1500";"5"
"7803908004452";"Guallarauco Limon";"500";"117"
"7801620007669";"7 up limonada";"500";"13"
"7801620007225";"7UP light";"1750";"37"
"7801620007379";"Mas Woman Frutos del Bosque";"1600";"249"
"7803908003899";"Guallarauco Naranja Mango";"1750";"1"
"9005465105032";"Dark Dog Guarana";"568";"60"
"400005902949";"Aloe";"1000";"20"
"5906213009715";"Ultimate";"250";"55"
"5901594000917";"Tuborg";"330";"129"
"8411327001717";"Mahou Sin alcohol";"330";"194"
"7802800545278";"Zuko Multifruta";"1500";"2"
"7501013100310";"Jumex Nectar Naranja y Zanahoria";"500";"4"
"7801610271537";"Nordic Zero G. Ale PT 500cc*6";"500";"4"
"7801610002605";"Fanta Pet 500 cc. x 6 ( Fabricado)";"500";"1"
"7790895001215";"Glaceau Vitamin water";"500";"40"
"7894900011609";"COCA-COLA PET 600ML 01UN";"600";"1"
"5701598029996";"X Ray Energy Drink";"250";"34"
"7802107000128";"KUNSTM-S/ALC LAT350X24";"350";"9"
"7802800545261";"Zuko Mango";"1500";"3"
"7501055320080";"BURN ENERGY DRINK 310CC LATA";"310";"2"
"7801610005606";"Sprite Pet 500 cc x 6  ( Fabricado)";"500";"1"
"7801602219066";"Socos Agua Mineral Manzana con Gas";"1500";"3"
"9005465133080";"Dark Dog";"1500";"17"
"7801610220016";"Coca Cola Sabor Original";"220";"1096"
"7790895067532";"Coca Cola Zero Pet 500x12 -  24*7";"500";"1"
"7899916905997";"Jugo de naranja Lider";"1500";"7"
"7801610220108";"Cocacola sin azucar";"220";"2154"
"89826001415";"Tecate Original";"473";"68"
"5900535000160";"Cerveza";"500";"87"
"7804167001862";"Lider Pera";"1600";"22"
"7804167001886";"Agua Lider";"500";"45"
"8714800007665";"Hollandia";"350";"94"
"8690582722203";"Carlsberg";"350";"358"
"7802800545223";"Zuko Pina";"1500";"4"
"884394000132";"Aloe Vera King pina";"1500";"8"
"7801620007461";"BILZ ZERO 6PF-PET 1750-TR";"1750";"47"
"34100005542";"CERVEZA MILLER";"355";"463"
"4014086020537";"Oettinger";"350";"45"
"7804604722572";"LIV Agua Mineral";"500";"12"
"7801620007485";"KEM ZERO 6PF-PET 1750-TR";"1750";"50"
"7802800545292";"Zuko Naranja Platano";"1500";"3"
"7501013100235";"Jumex Nectar Naranja y Mango";"500";"5"
"7801610002230";"fanta ref pet 1,5 lts *12";"1500";"2"
"7802820671988";"Power Ade Zero";"600";"127"
"7802800545285";"Zuko Frutifrutilla";"1500";"1"
"7801926002993";"SANGRIA TRUJILLO CON GAS";"1500";"3"
"7801610005231";"sprite ref pet 1,5 lts *12";"1500";"3"
"7801620006495";"7UP PET 1750 X 6-TR";"1750";"26"
"400005902956";"Amane Aloe Vera Zero";"1000";"27"
"7801620007478";"PAP ZERO 6PF-PET 1750-TR";"1750";"77"
"7801620004750";"PEPSI LIGHT 6PF-PET 1750";"1750";"29"
"7807910022718";"Santa Isabel Agua con Gas";"1500";"71"
"7801620007416";"KEM 6PF-PET 1750-TR";"1750";"66"
"7804658110004";"Agua Mineral Natural de los Andes";"1500";"11"
"7804300132835";"MANQUEHUITO PINA 6PX4-LAT350CC";"350";"45"
"7801620007454";"CRUSH ZERO 6PF-PET 1750-TR";"1750";"72"
"90424496";"Yellow Energy Drink";"250";"97"
"7801620007508";"GINGER ALE 6PF-PET 1750-TR";"1750";"73"
"5708887000117";"Slots Pilsner";"330";"14"
"7804625210010";"Agua Mineral Jahuel Sin Gas";"330";"6"
"7801620007423";"CRUSH 6PF-PET 1750-TR";"1750";"92"
"7801610022603";"Coca Cola light";"500";"3"
"7793147118853";"(*)SCHNEIDER LT 355X24LP";"355";"1"
"7804167001824";"Nativa con gas";"1500";"377"
"7804604727584";"NECTAR CYRO NARANJA";"1500";"2"
"7790895006029";"Powerade Mountain Blast HF Pet 995cc x6";"995";"2"
"7801620003890";"Canada Dry Ginger Ale";"250";"30"
"7802900600013";"Soprole Next Agua Sin Gas";"1500";"2"
"9002490235468";"RedBull Sugar Free";"355";"96"
"7801610483053";"Aquarius Naranja Low Cal PT1.5 X6";"1500";"1"
"7807910023357";"Jumbo Agua Purificada Con Gas";"1500";"44"
"8411327001052";"Mahou";"350";"937"
"7804604726426";"Acuenta Bebida sabor pina";"2000";"20"
"40518473";"Gerstel Sin acohol";"500";"98"
"7801620006488";"KEM XTREME ALERT 12PF-PET 500";"500";"2"
"857501005313";"Viloe Aloe Pina";"500";"1"
"7501013100037";"Jumex Nectar Mango";"500";"36"
"7801620004538";"WATT'S UVA LIGHT 6PF-PET 400";"400";"23"
"7801608001719";"Acuenta Gaseosa sabor Frutal Libre de Azucar";"2000";"31"
"7891991013512";"Guarana Antartica Zero";"350";"109"
"856820160055";"Steaz lightly sweetened Uced Green tea blueberry pomegranate";"473";"4"
"7801620505066";"PORVENIR S/GAS 6PF-PET 1500";"1500";"154"
"7801620006914";"PURE LIFE SIN GAS 6PF-PET 2000";"2000";"40"
"7801620079444";"Kem Mango Durazno";"500";"49"
"7801620007621";"Mas sin gas Manzana Durazno";"500";"1720"
"7808731301396";"Mc libre de sodio";"500";"11"
"7802820600308";"Vital Pet 600cc Soft *12";"600";"2"
"7801620006976";"Gatorade Green Apple";"1000";"3"
"7801610032718";"tai papaya pet 2 lts";"2000";"75"
"7801620003265";"Mas sin Gas Manzana Durazno";"500";"338"
"7801602219059";"Socos Agua Termal Manzana";"500";"5"
"7801620006792";"LIPTON DURAZNO 0%AZ 6PF-PET400";"400";"29"
"87167054";"CERVEZA GROLSCH";"330";"345"
"7802100002525";"Stone Maracuya";"350";"2695"
"5999884034469";"Hell Enery Drink";"250";"22"
"8410793000552";"Tagus Cerveza Lager";"330";"164"
"7790895067556";"Coca Cola Zero 1.5L Pet C N 1x6 - 28*5";"1500";"5"
"7808731303284";"Portillo Agua";"500";"8"
"7790895001208";"Glaceau Vitamin Water";"500";"68"
"7801620007317";"PEPSI ZERO 6PF-PET 1750-TR";"1750";"40"
"7807910023364";"Jumbo Agua Purificada Sin Gas";"1500";"18"
"7801620007133";"MAS CACHANTUN GRANADA 6PFX4-PET250-TR";"250";"58"
"4054500114015";"Cerveza Importada";"500";"278"
"7804660340000";"Unplug Beer";"330";"142"
"7801620005290";"KEM ZERO 6PF-PET 3000";"3000";"1"
"7802820021905";"Vital Pet 2.0 Lt X6 Sin Gas";"2000";"33"
"76406022601";"Jumex Coconut Pinaapple";"335";"390"
"786162003690";"Glaceau Smartwater PT500 X6 S/G";"500";"13"
"7802408000421";"Fruna Orange";"500";"57"
"9120016590331";"ENERGIZANTE SHOT & GO";"500";"16"
"7804604722701";"Liv Agua Mineral";"1500";"66"
"7804167001770";"Lider Agua Zero Azucar Pera";"1000";"33"
"7801608001696";"Acuenta Gaseosa sabor Cola";"2000";"38"
"7809595602322";"Puyehue Sin Gas";"1500";"247"
"7790895002656";"COCA COLA 375 PET X 6";"375";"2"
"7804604726549";"Tottus Agua Minera Sin gas";"1600";"17"
"7802800545230";"Zuko Damasco";"1500";"3"
"7802820001082";"Andina Low Cal Frutilla 0% PT1.5 X6";"1500";"369"
"7801610220078";"Van Pur Premium";"500";"346"
"7801610610275";"Nordic Ginger Ale MC PT500X6";"500";"6"
"7801610481028";"Aquarius Uva";"500";"245"
"7801620001896";"GINGER ALE 6PF-PET 3000";"3000";"4"
"7802130001147";"Becker";"740";"1526"
"7801620007560";"7UP LIGHT 6PF-PET 1500";"1500";"230"
"7801620007249";"Watts Naranja";"1750";"384"
"7802800544653";"Livean Nectar 0% Arandano";"1500";"273"
"7802800544622";"Livean Nectar Durazno";"1500";"612"
"61314000032";"Evian";"500";"604"
"7501013100914";"Jumex Nectar Arandano";"500";"3"
"7801620001643";"LIMON SODA PET 3000 X 06";"3000";"1"
"7802900610081";"Soprole Next saabor Frambueza";"500";"2"
"4014086096365";"50 Original Cerveza";"330";"116"
"7801622119049";"Agua Mineral Eden";"500";"242"
"7801620007430";"LIMON SODA 6PF-PET 1750-TR";"1750";"66"
"7801620007393";"BILZ 6PF-PET 1750-TR";"1750";"67"
"7802107000098";"KUNSTM-TOROB 4PCX6-LAT350";"350";"109"
"7801610036716";"Tai Lima Limón pet 2,0 lts *6";"2000";"5"
"90415326";"RED BULL LIME EDIT LATA 250X24";"250";"3"
"7801620006785";"7UP LIGHT 6PF-PET 3000";"3000";"1"
"7501013118018";"Jumex Nectar Pera";"335";"169"
"7801620007744";"Mas gasificada limon Naranja";"1600";"359"
"613008719548";"Arizona Peach Iced Green tea with real juice";"680";"12"
"7801610203507";"NORDIC GINGER ALE MIST";"350";"264"
"613008725853";"Arizona half Iced Green tea half mango";"680";"44"
"7801610235003";"Inca Kola pet 500 cc x 6";"500";"38"
"5701598031579";"CERVEZA BEAR";"330";"334"
"7801610106006";"Coca Cola pet 1,25 lts *6 term.";"1250";"4"
"70847021964";"Monster Ultra Lata 473 cc X6";"473";"700"
"7790895000430";"Coca-Cola 1.5L BT PET C N 4X1";"1500";"5"
"7801620006778";"LIPTON DURAZNO 0%AZ 6PF-PET1.5";"1500";"59"
"7801620001704";"KEM XTREME 6PFX4-LATA 350";"350";"154"
"4052197002455";"Benediktine Hell";"500";"7"
"7801620005740";"TONICA LIGHT 6PFX4-LATA310";"310";"77"
"7801620151133";"GINGER ALE LIGHT 6PF-PET 3000";"3000";"1"
"7750236173896";"Inca Kola";"500";"16"
"7801610230558";"Inca Kola  Zero PT 500 cc x 6";"500";"10"
"7801622119070";"Eden Agua Sin Gas";"500";"64"
"7804626700251";"Soy Late Pura Solidaridad";"1500";"11"
"7801620075897";"PORVENIR C/GAS 12PF-PET 500";"500";"16"
"7790895640483";"Aquarius Monresa Manzana 1.5L PET 1X6";"1500";"2"
"7802820701012";"Power Ade Rojo";"600";"184"
"7801620855161";"7UP LIGHT 6PF-PET 2000";"2000";"297"
"7801620016982";"MAS CATUN NARANJ 6PF-PET1.5";"1500";"1"
"7804167000940";"Lider Agua Purificada Gasificada";"1500";"209"
"7801610106402";"Sprite";"1100";"258"
"7802100500250";"Dorada Cerveza";"350";"890"
"7802800544684";"Livean Nectar 0 azucar Pina";"1500";"361"
"180182";"Budweiser";"473";"1766"
"7801620006990";"MAS CACHANTÚN MANZANA 6PF-PET 2250-TR";"2250";"133"
"7802100002747";"Royal Guard Premium Lager Beer";"470";"1564"
"7802175454885";"Mistral Ice";"310";"276"
"7801620853211";"CRUSH ZERO 12PF-PET 500";"500";"291"
"7801610034712";"Tai Naranja pet 2,0 lts *6";"2000";"33"
"7802820442120";"Benedictino con un toque limon";"1500";"732"
"7801620852597";"AGUA TONICA 6PFX4-LATA 350";"350";"95"
"7801620007171";"A TONICA LIGHT 6PF-PET 1500-TR";"1500";"231"
"7801620007522";"Watts Nectar Durazno";"1750";"386"
"793573241962";"ENERGIZANTE SCORE";"500";"207"
"7802820442137";"Benedictino con un toque Frutilla";"1500";"786"
"7802408000391";"Fruna Frucola";"500";"80"
"7501013100990";"Jumex Nectar Coco Piña";"500";"31"
"7802100001115";"Cristal Cero";"350";"2273"
"7802800544677";"Livean Pera";"1500";"111"
"7804646000027";"ENERGIZANTE MR. BIG ZERO";"1500";"28"
"4770477227595";"Kalnapilis Pinta Lager Beer";"568";"24"
"7804167001763";"Lider Cero Azucar Manzana";"1500";"16"
"4770477228110";"Kalnapilis Pinta Pilsner Lager Beer";"568";"19"
"4770477227571";"Kalnapilis White Select Beer";"568";"32"
"7801620007256";"Watts Nectar Durazno";"1750";"630"
"7802100504647";"Cristal Cero";"269";"49"
"7801610005521";"SPRITE";"2500";"7"
"7801620005733";"Gatorade Manzana";"600";"79"
"7801620006112";"KEM XTR SUGAR FREE 6PF-PET1.5";"1500";"154"
"5999886049263";"Aloe Vera Drink Pinapple";"500";"2"
"7801620016029";"PAP PET 500 X 12";"500";"1144"
"7801610002261";"FANTA";"1500";"1509"
"7801620016128";"GINGER ALE 12PF-PET 500";"500";"928"
"7801610223505";"NORDIC MIST AGUA TONICA";"350";"108"
"7801620016005";"CRUSH 12-PET 500";"500";"1268"
"7801610019269";"NORDIC GINGER ALE MIST";"1500";"1036"
"7802820441529";"Benedictino Gasificada";"1500";"3864"
"632432333205";"Yerba Mate Guayaki";"355";"2"
"7802820500332";"And Nectar Damasco Light PT1,5*6";"1500";"1"
"7801620006235";"GATORADE LIMONADA 12PF-PET 750";"750";"6"
"7801620007447";"GINGER A LIGHT 6PF-PET 1750-TR";"1750";"91"
"9005465101058";"ENERGIZANTE DARK DOG GUARANA";"250";"10"
"7801620005337";"MAS CATUN UVA S/GAS 6PF-PET1.5";"1500";"2"
"7790315000446";"VillaVicencio Agua con Gas";"500";"3"
"7801610610206";"SPRITE MINI";"250";"125"
"7801620003975";"MAS CATUN WOM F BOSQ PET500X12";"500";"679"
"7802900464042";"Soprole Nectar Damasco";"1500";"6"
"7802100010292";"CRISTAL 6PFX4-LAT350CC";"350";"10897"
"7802130000102";"CERVEZA BALTICA";"354";"381"
"7801620006655";"MAS CATUN PERA PET 1600";"1600";"5154"
"7801620370107";"AGUA TONICA 6PF-PET 1500";"1500";"779"
"7801620006631";"Cachantun Mas sin Gas Granada";"1600";"2813"
"7802820651003";"PAWERADE";"600";"214"
"7801620005344";"MAS CATUN UVA S/G 12PF-PET 500";"500";"638"
"7801926002986";"SANGRIA TRUJILLO CON GAS";"500";"1"
"7801620360214";"GINGER ALE 6PF-PET 2000";"2000";"482"
"7802820441000";"Benedictino PT 500c *12 S/G(Fab)";"500";"1999"
"7801620871147";"FRUGO NARANJA 12PF-PET 500";"500";"12"
"7801620006037";"POP CANDY ALGODON PET500X6";"500";"1"
"7801620006754";"WATT'S MANZAN LIGHT 6PF-PET400";"400";"16"
"7802130000096";"Becker Genuine Lager";"354";"18845"
"7802820679502";"Power Ade Green Punch";"600";"117"
"857741002738";"Marley Premium Coffe Drink Mocha";"325";"4"
"7801610350850";"Coca-Cola Zero";"2500";"10"
"7802900600518";"Soprole Next Agua Gasificada";"1500";"3"
"7801620007003";"MAS CACHANTUN PERA 6PF-PET 2250-TR";"2250";"111"
"7801620360184";"GINGER ALE 6PF-PET 1500";"1500";"1196"
"7801620004972";"BILZ ZERO 6PFX4-PET 250";"250";"536"
"7891991000826";"Guarana Antarctica";"350";"161"
"7801610000571";"Coca-Cola Original";"591";"17438"
"7801620006877";"PEPSI ZERO 6PF-PET 2000";"2000";"773"
"7801620011628";"Whatt´s Nectar de Fruta Damasco";"1500";"1446"
"7802820645859";"Andina Light  Piña 1.5 Pet x 6";"1500";"615"
"7804167001893";"Agua Mineral Lider Pera";"1600";"5"
"7801620853457";"CRUSH 6PFX4-PET 250";"250";"1102"
"7501013118056";"Jumex Durazno";"335";"326"
"7801610118603";"Quatro Zero Pet 500 cc. *6 term.";"500";"601"
"70847009535";"Monster Lo-Carb Lata 473 cc X6";"473";"436"
"4015042100584";"Darguner Pilsener";"330";"2889"
"7804646000003";"ENERGIZANTE MR. BIG";"1500";"52"
"7804646000041";"ENERGIZANTE MR. BIG ZERO";"600";"30"
"7801620000899";"LIMON SODA 6PFX4-PET 250";"250";"2241"
"7801620400255";"CACHANTUN S/GAS 6PF-PET 2250";"2250";"614"
"7801620075941";"PEPSI 12PF-PET 500";"500";"3296"
"7801620006341";"WATT'S PINA LIGHT 6PF-PET 1.5";"1500";"803"
"7802100020130";"Escudo";"350";"12137"
"7801620006501";"BILZ LIG PET2000X6-TR";"2000";"212"
"7894900050011";"FANTA UVA LATA 1 UNIDADE";"350";"2"
"7801620002671";"Gatorade Lima Limon";"500";"264"
"7801610223741";"Sprite Zero Pet 2,0 lts  x 6";"2000";"354"
"7808731303444";"Nectar Frooty Durazno";"500";"6"
"7801620011635";"Whatt´s Nectar de Fruta Piña";"1500";"2327"
"7804626700022";"Soy Late Pura Solidaridad";"500";"2128"
"7807910019015";"Jumbo Doble Zero Cola";"1500";"26"
"5901594000900";"Tuborg";"350";"399"
"7802820020953";"VITAL CON GAS";"1600";"5099"
"7801620003968";"Woman mas Cachantun Sabor Frutos del Bosque";"1500";"193"
"7790895003868";"BONAQUA FEMSA PET 500 S/G X6";"500";"2"
"7801620014513";"PEPSI 6PF-PET 1500";"1500";"1795"
"41001332";"CERVEZA BECKS";"330";"38"
"7801610591116";"Fanta";"591";"2276"
"7801620004859";"MAS CATUN PERA SG 12PF PET500";"500";"1957"
"7790895003325";"Aquarius Naranja 2,25 x 6 PET";"2000";"1"
"7804604727928";"Pelayo Naranja";"2000";"37"
"7802130000669";"Becker";"473";"10054"
"7801620852580";"KEM PIÑA";"350";"665"
"7802100000316";"HEINEKEN 12PCX2-LAT350 PDQ-LINEA";"350";"6929"
"7802100002938";"ESCUDO SILVER 12PKX2-LAT350CC";"350";"3534"
"7801620015862";"CACHANTUN L/GAS 12PF-PET 500";"500";"2669"
"7801610000601";"COCA COLA ZERO";"591";"8026"
"7802100002792";"Stones Apple";"350";"336"
"7801620290184";"BILZ 6PFX4-LATA 350";"350";"431"
"7801620007409";"PAP 6PF-PET 1750-TR";"1750";"55"
"7894900530001";"CRYSTAL PET 500ML S/ GÁS UN";"500";"4"
"7501013118032";"Jumex Nectar Mango";"335";"441"
"7792798011018";"CERVEZA QUILMES";"355";"338"
"7801620004354";"Mas con gas Citrus Cachantun";"2000";"26"
"7804646000102";"ENERGIZANTE MR. BIG";"330";"81"
"7801620340216";"LIMON SODA 6PF-PET 2000";"2000";"386"
"7801620011604";"Whatt´s Nectar de Fruta Naranja";"1500";"1892"
"7801620001988";"KEM XTREME 6PF-PET 1500";"1500";"749"
"7804659350065";"Alkimy Agua Sin Gas";"500";"16"
"7801620005207";"GATORADE NARANJA 12PF-PET 750";"750";"425"
"7802130001109";"CERVEZA BECKER";"354";"12"
"7804604720097";"Lider Agua Mineral Sin Gas";"500";"94"
"7801620001841";"WATT'S TUTIFRUTILLA 6PF-PET1.5";"1500";"1618"
"77512369";"Cusqueña Golden Lager";"355";"779"
"7801610002650";"FANTA";"3000";"5"
"7801620852962";"Cachantun Sin Gas";"1600";"7272"
"7804651870042";"Nectar Maqui Manzana";"500";"1"
"7801610481035";"Aquarius Limonada Low Cal PT500 X6";"500";"289"
"7790895001413";"Coca-Cola 1000 Pet x 12";"1000";"1"
"8717953079305";"Cannabis Energy Drink";"250";"5"
"4015042030782";"Darguner Pilsener";"500";"42"
"7801620004842";"MAS CATUN PERA S/G 6PF-PET 1.5";"1500";"4"
"7801610671030";"Fanta Nar.Zero+ Vit C Pt 1,5L x6";"1500";"775"
"7801620014681";"PEPSI 6PF-PET 2000";"2000";"1296"
"7801620300180";"PAP PET 1500 X 06";"1500";"578"
"7801620855215";"7UP 12PF-PET 500";"500";"664"
"8936020052977";"Maily Coffee Capuchino";"250";"2"
"7801620006600";"MAS CATUN CITRUS 6PF-PET 1.6";"1600";"1940"
"5701598038127";"Puls";"350";"1703"
"7801620003685";"PURE LIFE S/G 6PF-PET 1500";"1500";"1122"
"7802130000775";"Stella Artois";"473";"991"
"793573966650";"ENERGIZANTE SCORE";"250";"635"
"7801620001193";"BILZ 6PF-PET 3000";"3000";"5"
"7801620006334";"WATTS DURAZNO 12PF PET 400";"400";"126"
"9120016590300";"ENERGIZANTE SHOT & GO";"1500";"7"
"7801620015817";"Cachantun Sin Gas";"500";"11831"
"7802100006097";"LEMON STONES 6PFX4-LAT350CC";"350";"3244"
"7801620300203";"PAP 6PFX4-LATA 350";"350";"372"
"7801620007492";"LIMON SODA ZERO 6PF-PET 1750-TR";"1750";"98"
"7801610200933";"Coca-Cola Zero";"1750";"1747"
"7801620004873";"MAS CATUN MANZ S/G 12PF-PET500";"500";"2223"
"7802100002259";"Cristal Cero";"470";"72"
"7801620004927";"PAP ZERO PET 500 X 12";"500";"180"
"7801610350904";"Coca Cola Zero";"1000";"527"
"7801620290160";"BILZ 6PF-PET 1500";"1500";"562"
"7802408000254";"Pina Terrano";"2000";"13"
"7801620855307";"7UP 6PF X 4-PET 250";"250";"808"
"7801610105993";"Coca Cola pet 1,75 lts *6";"1750";"1931"
"7801620007324";"GINGER ALE LIGHT 6PF-PET 2.0";"2000";"128"
"7801620016111";"LIMON SODA 12PF-PET 500";"500";"2357"
"7802820600209";"Vital de Chanqueahue mineral sin gas";"600";"6549"
"7801620002145";"Pepsi";"250";"19"
"7801620007201";"LIPTON YAZMIN LYCHEE PET1.5 X6";"1500";"7"
"7801620151058";"Canada Dry Ginger Ale Light";"1500";"915"
"7801620006105";"KEM XTR SUGAR FREE 12PF-PET500";"500";"151"
"7801620016975";"MAS CATUN NARANJ 12PF-PET500";"500";"56"
"7801610020265";"NORDIC TONICA MIST";"1500";"516"
"7801620007737";"Mas limon gasificada";"500";"105"
"7801610005262";"Sprite PT1.5 x6";"1500";"2149"
"7802820021950";"Vital de Chanqueahue mineral sin gas";"1600";"3115"
"7801620006761";"WATT'S MANZAN LIGHT 6PF-PET1.5";"1500";"322"
"7801620003500";"WATT'S TUTIARANDANO 6P-PET 1.5";"1500";"593"
"7801620016012";"BILZ 12PF-PET 500";"500";"1180"
"7801610481530";"Aquarius Limonada Low Cal PT1.5 X6";"1500";"389"
"7801610273500";"Nordic Ginger Ale Zero Lata 350 cc 6x4";"350";"248"
"7802800545247";"Yuz Nectar Zuko Damasco";"1500";"5"
"7801610350355";"Coca-Cola Zero";"350";"5815"
"7802820000030";"Andina Nectar Damasco Pt 1,5x6";"1500";"661"
"7801610022726";"Coca-Cola Light";"1500";"2367"
"7801610000595";"COCA COLA LIGHT";"591";"2878"
"7802820441512";"Benedictino PT 1.5 Lt*6 S/G";"1500";"1813"
"7801620006648";"Cachantun Mas sin Gas Uva";"1600";"1631"
"7801620290191";"BILZ 6PF-PET 2000";"2000";"324"
"7802820669961";"PAWERADE ZERO FROZEN LIMON";"600";"58"
"7802130000263";"Stella Artois Premium Lager Beer";"354";"2631"
"7801620016036";"KEM 12PF-PET 500";"500";"1599"
"7801610230510";"Inca Kola Zero Pet 1,5 Lts. x 6";"1500";"303"
"7809595601318";"Puyehue";"500";"89"
"7801610441572";"Coca Cola Zero Cherry PT1.5 X6";"1500";"22"
"7801610022122";"Coca-Cola Light";"350";"2276"
"7801620016067";"BILZ 6PFX4-PET 250";"250";"1710"
"7802820441789";"Benedictino Natural Sin Gas";"2000";"844"
"7809634100178";"Cerveza Austral Lager";"350";"108"
"7804301500411";"Sorbete Letelier de Guinda";"2000";"11"
"7802820990102";"Vital de Chanqueahue mineral sin gas";"990";"780"
"7801620004408";"Canada Dry Ginger Ale Light";"310";"262"
"7790895640469";"Aquarius by Cep Pomelo 500 PET 1X6 -45*7";"500";"1"
"7801620001223";"KEM 6PF-PET 3000";"3000";"3"
"7801610481011";"Aquarius Andina Pera";"500";"440"
"7801620001711";"KEM XTREME 12PF-PET 500";"500";"1852"
"7801610002933";"Fanta Sabor Naranja";"250";"322"
"7801620011840";"GATORADE FRUT TROP 6PF-PET500";"500";"378"
"7801610125021";"Coca Cola Light Pet 1,25 lts x 6";"1250";"1"
"7801620005306";"KEM ZERO 6PF-PET 1500";"1500";"350"
"7801620006983";"GATORADE GREEN APPLE 6P-PET1.0";"1000";"15"
"7804167001848";"Nativa Agua Con Gas";"500";"303"
"4101940426823";"Apoftel Brau";"350";"362"
"7801620330217";"CRUSH 6PF-PET 1500";"1500";"735"
"7802820210729";"Andina Frut Naranja Light  Pet 2.0  x 6";"2000";"273"
"7802100506238";"Anana Stones Cerveza Pina";"350";"207"
"7801610000335";"Coca Cola Zero";"250";"115"
"7802820851021";"Powerade Frozen Blast PT 1Lt*6";"1000";"798"
"7801610035719";"Tai Pina pet 2,0 lts *6";"2000";"70"
"7801610118269";"Quatro Light pt 1,5 lts *6 term.";"1500";"361"
"7801620015800";"CACHANTUN C/GAS 12PF-PET 500";"500";"11961"
"7790895641213";"Aquarius by Cep Naranj 500 Pet 1x6 -45*7";"500";"1"
"7802100002907";"Cerveza Andes Lager";"470";"2708"
"7801620015855";"CACHANTUN L/GAS 6PF-PET 1600";"1600";"6505"
"884394006974";"OKF Coconut Drink";"500";"1"
"4014086020308";"Oettinger Weissbier";"500";"16"
"7790895001260";"Glaceau Vitamin Water";"500";"82"
"7801620852955";"CACHANTUN C/GAS 6PF-PET 1600";"1600";"12073"
"7802820700251";"Andina Frut Piña Pet 1,5  x 6";"1500";"1096"
"7801620004910";"PAP ZERO PET 1500 X 06";"1500";"386"
"7801620005191";"GATORADE COOL BL 12PF-PET 750";"750";"1647"
"7801620360153";"GINGER ALE 6PFX4-LATA 350";"350";"663"
"7801620340186";"LIMON SODA 6PF-PET 1500";"1500";"1001"
"7801610005934";"Sprite";"250";"152"
"7801620410162";"PORVENIR C/GAS 6PF-PET 1500";"1500";"121"
"9002490221010";"RED BULL TRADIC LATA 355X24";"355";"1220"
"7802820210422";"And.Nectar Durazno Pet 2.0  x6";"2000";"724"
"7802820672145";"Powerade Zero Uva PT1.0 x6";"1000";"20"
"7790895008504";"Aquarius Limonada 2,25x 6 PET";"2000";"2"
"7801620006853";"PEPSI ZERO 12PF-PET 500";"500";"1081"
"7804167001855";"Nativa Agua Sin Gas";"500";"5"
"7801620003302";"LIPTON LIMON 6PF-PET 400";"400";"210"
"70847009559";"Monster J Ripper Lata 473cc X6";"473";"576"
"7801610323236";"Coca-Cola Original";"3000";"7"
"7802820700435";"Andina Frut Manzana Pet 1,5  x 6";"1500";"641"
"7801620006228";"GATORADE LIMA LIMON 6PF-PET1.0";"1000";"2"
"7801620006129";"MAS CATUN WOM BERR 6PF-PET 1.5";"1500";"85"
"7801610022979";"coca cola light pet 1 litro x 6";"1000";"248"
"7894900320015";"SCHWEPPES CITRUS LATA 350ML CX 6UN - ME";"350";"2"
"7808731303291";"Portillo Pure Natural Water sin gas";"500";"9"
"7801620855253";"PEPSI 6PFX4-PET 250";"250";"3133"
"8718104902350";"Weidmann";"500";"4"
"7801620003692";"PURE LIFE C/GAS 6PF-PET 1500";"1500";"2105"
"7802100001672";"Cristal Light";"350";"105"
"7802820441123";"Benedictino PT 500cc *12 C/G";"500";"1296"
"2082001089046";"Dr Pepper";"355";"183"
"7801620007126";"MAS CACHANTUN PERA 6PFX4-PET 250-TR";"250";"124"
"7801620016074";"PAP PET 250 X 24";"250";"1192"
"7801610005194";"SPRITE";"350";"2323"
"7801610001974";"coca cola original pet 1 litro x 6";"1000";"1578"
"7801610000885";"Coca Cola Zero PT500 X6";"500";"46"
"7801620005856";"Cachantun Mas sin Gas Granada";"500";"996"
"7802820001051";"Andina Low Cal Manzana 0% PT1.5 X6";"1500";"321"
"7801620004132";"Whatt´s Nectar de Fruta Platano";"1500";"726"
"7802820500035";"Andina del Valle Nectar Durazno";"1500";"1428"
"7801610175095";"Coca Cola pet Light 1,75 lts *6";"1750";"938"
"7790895000836";"Fanta Naranja 500ML BT PET C N 1X12";"500";"3"
"7801620016043";"PEPSI LIGHT 12PF-PET 500";"500";"471"
"barcode";"name";"volume";"0"
"7790895000782";"Coca-Cola 500ML BT PET C N 1X12";"500";"2"
"4014086096303";"50 Original Cerveza";"330";"73"
"613008720209";"Arizona Watermelon";"640";"17"
"8936020052960";"Maily Coffe Latte";"250";"3"
"4101120044809";"Cerveza";"350";"28"
"7802820600100";"VITAL CON GAS";"600";"5861"
"7801620853396";"WATT'S NARANJA LIGHT 6P-PET1.5";"1500";"1600"
"7801610591994";"SPRITE";"591";"3272"
"90415302";"RED BULL RED EDIT LATA 250X24";"250";"54"
"7801620075811";"PEPSI LIGHT 6PF- PET 2000";"2000";"443"
"7792798007462";"CERVEZA QUILMES LIEBER SIN ALCOHOL";"354";"16"
"7801620002367";"MAS CACHANTUN 12PF-PET 500";"500";"1255"
"7801620167721";"WATT'S TUTIPAPAYA 6PF-PET 1500";"1500";"557"
"7801610001622";"Coca-Cola Original";"1500";"7882"
"7801620853204";"CRUSH ZERO 6PF-PET 1500";"1500";"453"
"7801620000738";"WATT'S DURAZNO LGH 6PF-PET 1.5";"1500";"1757"
"7801620006310";"ADRENALINE RED 6PF-PET 750";"750";"78"
"7802100000170";"LEMON STONES PET1500X6-TR";"1500";"182"
"7801620350215";"Kem";"2000";"427"
"7801620852689";"PEPSI 6PFX4-LATA 350";"350";"1571"
"7801608002372";"Pelayo Bebida Piña Sin Calorías";"2000";"43"
"7801610671061";"Fta Nar.Zero+Vitamin C PT 2Lt*6";"2000";"179"
"7801620855017";"CACHANTUN C/GAS 6PFX4-PET 250";"250";"242"
"613008735418";"Arizona Mango";"640";"15"
"7801620004057";"GINGER ALE LIGHT 12PF-PET 500";"500";"371"
"7802800544691";"Livean Frutifrutilla";"1500";"32"
"7801608001702";"Acuenta Gaseosa Sabor Naranja Libre de azucar";"2000";"19"
"7801610481523";"AQUARIUS UVA PT1.5 X6 LOW CAL";"1500";"474"
"7801620410209";"PORVENIR S/GAS 12PF-PET 500";"500";"380"
"7801620504175";"CACHANTUN CGAS PET 2250";"2000";"1304"
"7801620007010";"MAS CATUN LIMON MENT PET1.6X6";"1600";"56"
"7804167002043";"Nativa Agua Pera";"1600";"5"
"7802100430038";"ROYAL GUARD 12PKX2-LATA350CC";"350";"8171"
"613008735470";"Arizona  Iced Green tea Raspberry flavor";"680";"53"
"7801610005248";"Sprite PT2.0 x6";"2000";"302"
"7801620001902";"WATT'S MANZANA 6PF-PET 1500";"1500";"899"
"7802408000445";"Fruna Pina";"500";"476"
"7802820700053";"Andina Frut Naranja Pet 1,5  x 6";"1500";"1106"
"7801620350185";"KEM 6PF-PET 1500";"1500";"833"
"7802100505323";"CRISTAL 6PFX4-LAT470CCPROMOCIÓN";"470";"5668"
"7802820851052";"Powerade Naranja Pet 1 Lt. x 6";"1000";"213"
"7801620010133";"KEM 6PFX4-PET 250";"250";"1508"
"7801610350409";"COCA COLA ZERO";"1500";"6487"
"7802820670998";"PAWERADE ZERO FROZEN UVA";"600";"38"
"7801610223192";"Sprite Zero";"350";"1272"
"7790895008498";"Aquarius Limonada 1500x6 Pet";"1500";"1"
"7801620002343";"Whatt´s Nectar de Fruta Tuttikiwi";"1500";"519"
"7801620005641";"MAS CATUN MANZ S/G 24PF-PET250";"250";"170"
"7802800545216";"Zuko Naranja";"1500";"1"
"7801620007027";"Cachantun Mas sin Gas Limon Menta";"500";"213"
"7501013118117";"Jumex Nectar Piña";"335";"531"
"7801620007041";"LIMON SODA ZERO 6PFX4-LATA350";"350";"197"
"7801620006846";"PEPSI ZERO 6PFX4-LATA 350";"350";"665"
"7804663140072";"Lee Mon Limonada sabor Albahaca";"1500";"2"
"7801610001608";"Coca Cola Original";"500";"35"
"7801620004934";"PAP ZERO PET 250 X 24";"250";"408"
"7801620004743";"PEPSI PET 1750 X 06";"1750";"34"
"7804625210058";"AGUA MINERAL JAHUEL SIN GAS";"1600";"83"
"7801610002193";"Fanta";"350";"2192"
"7804646000058";"ENERGIZANTE MR. BIG";"2000";"106"
"7801620340155";"LIMON SODA 6PFX4-LATA 350";"350";"764"
"7801620005160";"Gatorade Cool Blue";"1000";"1234"
"7801620003654";"Lipton Ice Tee Te Verde Sabor Limon";"1500";"219"
"7801620005283";"FRUGO PINA 6PF-PET 3000";"3000";"1"
"856820160024";"Steaz Zero Calotie Ice Green Tee Peach Mango";"473";"1"
"7802408000766";"Fruna Limon";"500";"78"
"7801620006082";"LIPTON RASPBERRY 6PF-PET 400";"400";"133"
"7809634100185";"PATAGONA PALE ALE 4PX6-LA350";"350";"24"
"7804625210072";"AGUA MINERAL JAHUEL CON GAS";"500";"71"
"7804604727614";"NECTAR CYRO PIÑA";"1500";"4"
"7801610002247";"Fanta PT2.0 x6";"2000";"240"
"7801620004866";"MAS CATUN MANZ S/G 6PF-PET1500";"1500";"13"
"7804604720134";"Lider Agua Mineral El Olivo Con gas";"1600";"525"
"7801620004521";"WATT'S UVA LIGHT 6PF- PET 1500";"1500";"333"
"7804167001879";"Lider Manzana";"1600";"16"
"7801610483039";"Aquarius Duranzo PT500 *6 LOW CAL";"500";"34"
"7801620002916";"WATT'S TUTIFRUT LGH 6PF-PET1.5";"1500";"743"
"7801620006617";"MAS CAT CITRUS NARAN 6P-PET1.6";"1600";"86"
"7801620004552";"WATT'S FRAM-MAN LIGHT PET1.5X6";"1500";"2"
"7801610001615";"Coca Cola pet 2,0 lts *6 term.";"2000";"524"
"7801610005651";"SPRITE";"3000";"1"
"7801620853198";"CRUSH ZERO 6PF-PET 2000";"2000";"389"
"7790895005015";"Sprite Pet 1000 x 8";"1000";"1"
"7801620005313";"KEM ZERO 12PF-PET 500";"500";"121"
"7801610610107";"FANTA";"250";"100"
"7804625210041";"Agua Mineral Jahuel Termal Gasificada";"1600";"79"
"7801620006143";"MAS CATUN WM LIM-JNG 6P-PET1.5";"1500";"232"
"7802820670974";"PAWERADE ZERO FROZEN BLAST";"600";"247"
"7801610022528";"Coca-Cola Light";"2500";"7"
"7801610591123";"Fanta Zero PT 591cc*6";"591";"487"
"7804604726532";"Agua Mineral con Gas Tottus";"1600";"100"
"7809595602315";"Puyehue Agua Mineral con Gas";"1500";"265"
"7801610483077";"AQUARIUS DURAZNO PT1.5*6 LOW CAL";"1500";"141"
"5999886049010";"Houssy Aloe Vera Drink Premium";"500";"10"
"7802800545254";"Zuko Manzana";"1500";"3"
"8936020052984";"Maily Coffee Mocha";"250";"4"
"7804604723395";"Agua Mineral El Olivo Light Gas";"500";"128"
"7801610271056";"Nordic Mist G. Ale Zero Pt 1,5x6";"1500";"554"
"7790895640476";"Aquarius Monresa Pera 1.5L BT PET 1X6";"1500";"1"
"7801620003708";"PURE LIFE S/GAS 12PF-PET 500";"500";"401"
"7801610610008";"COCA COLA";"250";"225"
"7801610305560";"Coca-Cola Zero";"3000";"9"
"9002490100070";"ENERGIZANTE RED BULL";"250";"2734"
"7801620005214";"LIMON SODA LIGHT PET 500 X 12";"500";"205"
"7804604726778";"Nectar Durazno";"1500";"1"
"7801620075804";"PEPSI LIGHT 6PF-PET 1500";"1500";"561"
"7802408000438";"Fruna Ginger Ale";"500";"55"
"5701598036031";"Harboe Bear Beer";"568";"5995"
"7801610001523";"COCA COLA";"2500";"21"
"7802820048322";"Nect. Pt 1.5Lts Durazno Light x6";"1500";"665"
"8690582722401";"CERVEZA CARLSBERG";"500";"203"
"7801620006136";"Woman mas Cachantun con Aloe Vera Sabor Berries";"500";"321"
"7802820210620";"Andina Frut  Piña Pet 2.0  x 6";"2000";"495"
"7801610305287";"Coca Cola Zero  PT 2,0 Lt*6";"2000";"1392"
"70847009511";"Monster Energy Lata 473 cc X6";"473";"2411"
"7802100505347";"Escudo";"470";"15170"
"7802800544615";"Livean Nectar Naranja";"1500";"143"
"7801610001936";"Coca Cola Original";"250";"1930"
"7801620005412";"Cachantun Sin Gas Libre de Sodio";"1000";"895"
"7802820442205";"Benedictino con toque de sabor frutilla";"500";"199"
"7801620005849";"MAS CAT GRANAD S/G 6PF-PET1.5";"1500";"2"
"7802100501196";"Heineken";"470";"3122"
"7801620005184";"Gatorade Frutas Tropicales";"750";"582"
"7807910005667";"Maxima Sabor Frutal";"2000";"18"
"7801620003630";"Lipton Ice Tee Te Negro Sabor Limon";"1500";"449"
"7801620002664";"GATORADE MANZANA 6PF-PET 500";"500";"250"
"7801620002787";"LIMON SODA LIGHT PET 1500 X 06";"1500";"465"
"7790895640025";"Powerade M Blast 500ML Bot Pet C N 45*7";"500";"3"
"7801620330132";"CRUSH LATA 6PF X 4 - LATA 350";"350";"628"
"7501013118193";"Jumex Nectar Manzana";"335";"344"
"7790895004599";"Schweppes Pomelo Lata 354cc x 6";"354";"1"
"7802130001703";"Baltica Cerveza Dry";"473";"1772"
"7802820442106";"Benedictino con toque de sabor a limon";"500";"178"
"7801610001196";"COCA COLA";"350";"6825"
"7801610671016";"Fanta Naranja";"350";"454"
"7801620004965";"BILZ ZERO 12PF-PET 500";"500";"207"
"7801610481004";"Aquarius Andina Manzana Sin Gas";"500";"520"
"7790895010088";"Schweppes Pomelo Zero 1500 x 6 PET";"1500";"1"
"7790895641183";"Powerade Frut Tropical 500ML BotPet 45*7";"500";"1"
"7801620003647";"Lipton Ice Tee Te Negro Sabor Durazno";"1500";"503"
"7804626700008";"Soy Late";"500";"115"
"7801620330248";"CRUSH 6PF-PET 2000";"2000";"394"
"7801620011611";"WATT'S DURAZNO 6PF-PET 1500";"1500";"2809"
"819768010790";"Marley Premium Coffe Drink One Drop Vainilla Chocolate";"325";"1"
"7802820700633";"And Frut Naranja Light PT 1,5*6";"1500";"897"
"7801610591888";"SPRITE ZERO";"591";"1257"
"7802408000407";"Fruna Papaya";"500";"415"
"7801620300210";"PAP PET 2000 X 06";"2000";"274"
"7801610481509";"AQUARIUS MANZANA PT1.5 X6 LOW CAL";"1500";"859"
"7801610481516";"AQUARIUS PERA PT1.5 X6 LOW CAL";"1500";"606"
"7804625210089";"AGUA MINERAL JAHUEL SIN GAS";"500";"67"
"4014086020445";"Oettinger Schwarz";"500";"26"
"7801610118184";"Qu4tro Zero Pomelo";"350";"345"
"7803908004469";"Guallarauco Mango Maracuya";"500";"234"
"7802800544639";"Livean Nectar 0% Manzana";"1500";"482"
"7802820955514";"Glaceau Vitamin Water Arándano";"500";"58"
"7801620007607";"WATTS MARACUYA LIG 6PF-PET 1.5";"1500";"517"
"7804167000957";"Lider Agua Purificada Sin GAs";"1500";"35"
"7801620003715";"PURE LIFE C/GAS 12PF-PET 500";"500";"183"
"7793147118860";"(*)SCHNEIDER LT 473X24LP";"473";"2"
"7802820672121";"Powerade Zero Lima Limon PT1.0 x6";"1000";"19"
"7801620005726";"GATORADE SABOR 6PF-PET1.0";"1000";"229"
"7804651870066";"Nectar Maqui Aloe Vera";"500";"3"
"7804167002067";"Nativa Agua sin gas Granada";"1600";"4"
"7802100002709";"Cristal Cero Radler";"350";"1304"
"7801620002961";"GATORADE COOL BLUE 6PF-PET 500";"500";"1084"
"42061915";"CERVEZA BECKS SIN ALCOHOL";"330";"17"
"7790895000256";"Fanta Naranja 354ML LAT ALUM N 6X1";"354";"2"
"9002490214852";"RED BULL SUG FREE 4PKX6-LAT250";"250";"671"
"7801610022740";"Coca Cola Light Pet 2,0 Lts x 6";"2000";"489"
"7801610350157";"Coca-Cola Zero";"250";"120"
"7801620007553";"Watts Nectar Pina 0 azucar";"1750";"262"
"7801610133026";"Quatro Papaya Mid Cal PT1.5 X6";"1500";"1"
"7802820701210";"Powerade Rojo Pet  1 Lt. x 6";"1000";"224"
"7801620005276";"FRUGO NARANJA 6PF-PET 3000";"3000";"1"
"180162";"Budweiser";"355";"3468"
"884394000378";"Aloe Vera King Pomegranate";"500";"7"
"7801620005153";"Gatorade Frutas Tropicales";"1000";"414"
"7807910005636";"Maxima Sabor Cola";"2000";"36"
"7802820441802";"Benedictino PT 2,0lts *6 C/G";"2000";"1317"
"7802820210521";"Andina Frut Naranja Pet 2.0  x 6";"2000";"470"
"7804646000010";"ENERGIZANTE MR. BIG";"600";"235"
"7801620003319";"LIPTON DURAZNO 6PF-PET 400";"400";"329"
"7801620001599";"CRUSH 6PF-PET 3000";"3000";"5"
"4053400279398";"Schofferhofer GrapeFruit";"500";"215"
"7801610610404";"COCA COLA LIGHT";"250";"279"
"7801620003326";"LIPTON GREEN TEA 6PF-PET 400";"400";"252"
"5701598030763";"CERVEZA HARBOE PILSENER";"330";"14"
"7801610689516";"Coca Cola Zero Pet 1,25 lts x 6 term.";"1250";"11"
"7801620006518";"PAP LIG PET2000X6-TR";"2000";"223"
"7801620006860";"Pepsi Zero Azucar";"1500";"875"
"7801620034511";"7UP 6PF-PET 1500";"1500";"361"
"4025127020188";"ENERGIZANTE EFFECT";"250";"1"
"7801620852702";"7UP LATA 6PF X 4 LATA 350";"350";"253"
"7801620006624";"Cachantun Mas sin Gas Manzana";"1600";"5689"
"7802820210132";"Andina Frut Durazno Light  Pet 2.0  x 6";"2000";"273"
"7801610106303";"Fanta Naranja";"1100";"242"
"7802820651157";"Power Ade Frozen Blast";"600";"768"
"7801608001757";"Acuenta Gaseosa sabor Libre de Azucar";"2000";"4"
"7802900600112";"Soprole Next Sin Gas";"500";"50"
"7802100002952";"Escudo Silver";"470";"9673"
"7804646000164";"Mr Big Black";"1500";"18"
"7801608001733";"Acuenta Gaseosa Sabor Papaya Libre de azucar";"2000";"58"
"7802820001044";"Andina Low Cal Damasco 0% PT1.5 X6";"1500";"262"
"7801620017552";"PEPSI 6PF- PET 3000";"3000";"2"
"7801620006150";"MAS CATUN WM LIM-JNG PET500X12";"500";"579"
"7801620016203";"7UP 6PF-PET 2000";"2000";"374"
"7801620006075";"Lipton Ice Tee Te Negro Sabor Frambuesa";"1500";"96"
"7790895001000";"Sprite 2.25L BT PET C N 1X6";"2000";"1"
"8718104902367";"Weidmann";"350";"8"
"7802820210118";"Andina Frut Piña Light  Pet 2.0  x 6";"2000";"213"
"7802100505774";"Morenita Malta";"350";"1549"
"7801610223727";"Sprite Zero";"1500";"1701"
"7801620004217";"PEPSI LIGHT 6PFX4-LATA 310";"310";"154"
"7804604727935";"Pelayo Frutal";"2000";"28"
"7801620855185";"7UP LIGHT 12PF-PET 500";"500";"89"
"7801610481547";"AQUARIUS PAPAYA PT1.5 X6  LOW CAL";"1500";"12"
"7801620005177";"Gatorade Naranja";"1000";"283"
"7801620004958";"BILZ ZERO 6PF-PET 1500";"1500";"252"
"7801620007546";"Watts Pina";"1750";"527"
"7501013118063";"Jumex Nectar de Guayaba";"335";"265"
"7801620002657";"GATORADE NARANJA 6PF-PET 500";"500";"295"
"7801610484203";"Aquarius Sabor Pomelo";"1500";"202"
"7790895006715";"Schweppes Tonica 1.5L Pet C N 1x6 - 28*5";"1500";"1"
"7801620853181";"CRUSH ZERO 6PFX4-LATA 350";"350";"135"
"5701598031586";"CERVEZA BEAR";"500";"7"
"7802820020908";"Vital Pet 2.0 Lt X6 Con Gas";"2000";"77"
